<?xml version="1.0" encoding="UTF-8"?>
<GenRun Id="impl_1" LaunchPart="xc7z020clg400-1" LaunchTime="1720264997">
  <File Type="ROUTE-PWR" Name="Pipeline_power_routed.rpt"/>
  <File Type="PA-TCL" Name="Pipeline.tcl"/>
  <File Type="BITSTR-BMM" Name="Pipeline_bd.bmm"/>
  <File Type="ROUTE-PWR-SUM" Name="Pipeline_power_summary_routed.pb"/>
  <File Type="REPORTS-TCL" Name="Pipeline_reports.tcl"/>
  <File Type="OPT-DCP" Name="Pipeline_opt.dcp"/>
  <File Type="OPT-DRC" Name="Pipeline_drc_opted.rpt"/>
  <File Type="OPT-HWDEF" Name="Pipeline.hwdef"/>
  <File Type="PWROPT-DCP" Name="Pipeline_pwropt.dcp"/>
  <File Type="PLACE-DCP" Name="Pipeline_placed.dcp"/>
  <File Type="PLACE-IO" Name="Pipeline_io_placed.rpt"/>
  <File Type="PLACE-UTIL" Name="Pipeline_utilization_placed.rpt"/>
  <File Type="PLACE-UTIL-PB" Name="Pipeline_utilization_placed.pb"/>
  <File Type="PLACE-CTRL" Name="Pipeline_control_sets_placed.rpt"/>
  <File Type="PLACE-PRE-SIMILARITY" Name="Pipeline_incremental_reuse_pre_placed.rpt"/>
  <File Type="BG-BGN" Name="Pipeline.bgn"/>
  <File Type="POSTPLACE-PWROPT-DCP" Name="Pipeline_postplace_pwropt.dcp"/>
  <File Type="BG-BIN" Name="Pipeline.bin"/>
  <File Type="PHYSOPT-DCP" Name="Pipeline_physopt.dcp"/>
  <File Type="BITSTR-MSK" Name="Pipeline.msk"/>
  <File Type="ROUTE-ERROR-DCP" Name="Pipeline_routed_error.dcp"/>
  <File Type="ROUTE-DCP" Name="Pipeline_routed.dcp"/>
  <File Type="ROUTE-BLACKBOX-DCP" Name="Pipeline_routed_bb.dcp"/>
  <File Type="ROUTE-DRC" Name="Pipeline_drc_routed.rpt"/>
  <File Type="ROUTE-DRC-PB" Name="Pipeline_drc_routed.pb"/>
  <File Type="ROUTE-DRC-RPX" Name="Pipeline_drc_routed.rpx"/>
  <File Type="BITSTR-LTX" Name="Pipeline.ltx"/>
  <File Type="ROUTE-METHODOLOGY-DRC" Name="Pipeline_methodology_drc_routed.rpt"/>
  <File Type="BITSTR-MMI" Name="Pipeline.mmi"/>
  <File Type="ROUTE-METHODOLOGY-DRC-RPX" Name="Pipeline_methodology_drc_routed.rpx"/>
  <File Type="ROUTE-METHODOLOGY-DRC-PB" Name="Pipeline_methodology_drc_routed.pb"/>
  <File Type="BITSTR-SYSDEF" Name="Pipeline.sysdef"/>
  <File Type="ROUTE-PWR-RPX" Name="Pipeline_power_routed.rpx"/>
  <File Type="ROUTE-STATUS" Name="Pipeline_route_status.rpt"/>
  <File Type="ROUTE-STATUS-PB" Name="Pipeline_route_status.pb"/>
  <File Type="ROUTE-TIMINGSUMMARY" Name="Pipeline_timing_summary_routed.rpt"/>
  <File Type="ROUTE-TIMING-PB" Name="Pipeline_timing_summary_routed.pb"/>
  <File Type="ROUTE-TIMING-RPX" Name="Pipeline_timing_summary_routed.rpx"/>
  <File Type="ROUTE-CLK" Name="Pipeline_clock_utilization_routed.rpt"/>
  <File Type="ROUTE-BUS-SKEW" Name="Pipeline_bus_skew_routed.rpt"/>
  <File Type="ROUTE-BUS-SKEW-PB" Name="Pipeline_bus_skew_routed.pb"/>
  <File Type="ROUTE-BUS-SKEW-RPX" Name="Pipeline_bus_skew_routed.rpx"/>
  <File Type="POSTROUTE-PHYSOPT-DCP" Name="Pipeline_postroute_physopt.dcp"/>
  <File Type="POSTROUTE-PHYSOPT-BLACKBOX-DCP" Name="Pipeline_postroute_physopt_bb.dcp"/>
  <File Type="POSTROUTE-PHYSOPT-TIMING" Name="Pipeline_timing_summary_postroute_physopted.rpt"/>
  <File Type="POSTROUTE-PHYSOPT-TIMING-PB" Name="Pipeline_timing_summary_postroute_physopted.pb"/>
  <File Type="POSTROUTE-PHYSOPT-TIMING-RPX" Name="Pipeline_timing_summary_postroute_physopted.rpx"/>
  <File Type="POSTROUTE-PHYSOPT-BUS-SKEW" Name="Pipeline_bus_skew_postroute_physopted.rpt"/>
  <File Type="POSTROUTE-PHYSOPT-BUS-SKEW-PB" Name="Pipeline_bus_skew_postroute_physopted.pb"/>
  <File Type="POSTROUTE-PHYSOPT-BUS-SKEW-RPX" Name="Pipeline_bus_skew_postroute_physopted.rpx"/>
  <File Type="BG-BIT" Name="Pipeline.bit"/>
  <File Type="BITSTR-RBT" Name="Pipeline.rbt"/>
  <File Type="BITSTR-NKY" Name="Pipeline.nky"/>
  <File Type="BG-DRC" Name="Pipeline.drc"/>
  <File Type="RDI-RDI" Name="Pipeline.vdi"/>
  <File Type="WBT-USG" Name="usage_statistics_webtalk.html"/>
  <FileSet Name="sources" Type="DesignSrcs" RelSrcDir="$PSRCDIR/sources_1">
    <Filter Type="Srcs"/>
    <File Path="$PSRCDIR/sources_1/new/A1.vhd">
      <FileInfo>
        <Attr Name="ImportPath" Val="$PPRDIR/../../Vivado_projects/Varie/Raff_multiplier/Raff_multiplier.srcs/sources_1/new/A1.vhd"/>
        <Attr Name="ImportTime" Val="1706879752"/>
        <Attr Name="UsedIn" Val="synthesis"/>
        <Attr Name="UsedIn" Val="simulation"/>
      </FileInfo>
    </File>
    <File Path="$PSRCDIR/sources_1/new/A2.vhd">
      <FileInfo>
        <Attr Name="ImportPath" Val="$PPRDIR/../../Vivado_projects/Varie/Raff_multiplier/Raff_multiplier.srcs/sources_1/new/A2.vhd"/>
        <Attr Name="ImportTime" Val="1706879745"/>
        <Attr Name="UsedIn" Val="synthesis"/>
        <Attr Name="UsedIn" Val="simulation"/>
      </FileInfo>
    </File>
    <File Path="$PSRCDIR/sources_1/new/A3.vhd">
      <FileInfo>
        <Attr Name="ImportPath" Val="$PPRDIR/../../Vivado_projects/Varie/Raff_multiplier/Raff_multiplier.srcs/sources_1/new/A3.vhd"/>
        <Attr Name="ImportTime" Val="1706879793"/>
        <Attr Name="UsedIn" Val="synthesis"/>
        <Attr Name="UsedIn" Val="simulation"/>
      </FileInfo>
    </File>
    <File Path="$PSRCDIR/sources_1/new/A7.vhd">
      <FileInfo>
        <Attr Name="ImportPath" Val="$PPRDIR/../../Vivado_projects/Varie/Raff_multiplier/Raff_multiplier.srcs/sources_1/new/A7.vhd"/>
        <Attr Name="ImportTime" Val="1706879740"/>
        <Attr Name="UsedIn" Val="synthesis"/>
        <Attr Name="UsedIn" Val="simulation"/>
      </FileInfo>
    </File>
    <File Path="$PSRCDIR/sources_1/imports/new/ADDER8.vhd">
      <FileInfo>
        <Attr Name="ImportPath" Val="$PPRDIR/../../Vivado_projects/V4/project_pix/project_pix.srcs/sources_1/new/ADDER8.vhd"/>
        <Attr Name="ImportTime" Val="1719874290"/>
        <Attr Name="UsedIn" Val="synthesis"/>
        <Attr Name="UsedIn" Val="simulation"/>
      </FileInfo>
    </File>
    <File Path="$PSRCDIR/sources_1/imports/new/FullAdder.vhd">
      <FileInfo>
        <Attr Name="ImportPath" Val="$PPRDIR/../../Vivado_projects/V4/project_pix/project_pix.srcs/sources_1/imports/Vivado_projects/MULTI_BOOTH/MULTI_BOOTH.srcs/sources_1/imports/Vivado_projects/carrysave_tree/carrysave_tree.srcs/sources_1/new/FullAdder.vhd"/>
        <Attr Name="ImportTime" Val="1715504008"/>
        <Attr Name="UsedIn" Val="synthesis"/>
        <Attr Name="UsedIn" Val="simulation"/>
      </FileInfo>
    </File>
    <File Path="$PSRCDIR/sources_1/new/MULTIPLIER.vhd">
      <FileInfo>
        <Attr Name="ImportPath" Val="$PPRDIR/../../Vivado_projects/Varie/Raff_multiplier/Raff_multiplier.srcs/sources_1/new/MULTIPLIER.vhd"/>
        <Attr Name="ImportTime" Val="1706879516"/>
        <Attr Name="UsedIn" Val="synthesis"/>
        <Attr Name="UsedIn" Val="simulation"/>
      </FileInfo>
    </File>
    <File Path="$PSRCDIR/sources_1/imports/new/RCA4_BIT.vhd">
      <FileInfo>
        <Attr Name="ImportPath" Val="$PPRDIR/../../Vivado_projects/V4/project_pix/project_pix.srcs/sources_1/new/RCA4_BIT.vhd"/>
        <Attr Name="ImportTime" Val="1716745382"/>
        <Attr Name="UsedIn" Val="synthesis"/>
        <Attr Name="UsedIn" Val="simulation"/>
      </FileInfo>
    </File>
    <File Path="$PSRCDIR/sources_1/new/Pipeline.vhd">
      <FileInfo>
        <Attr Name="ImportPath" Val="$PPRDIR/../../Vivado_projects/Varie/Raff_multiplier/Raff_multiplier.srcs/sources_1/new/Pipeline.vhd"/>
        <Attr Name="ImportTime" Val="1706879487"/>
        <Attr Name="UsedIn" Val="synthesis"/>
        <Attr Name="UsedIn" Val="simulation"/>
      </FileInfo>
    </File>
    <File Path="$PSRCDIR/sources_1/imports/Raff_multiplier/archive_project_summary.txt">
      <FileInfo>
        <Attr Name="ImportPath" Val="$PPRDIR/../../Vivado_projects/Varie/Raff_multiplier/archive_project_summary.txt"/>
        <Attr Name="ImportTime" Val="1706879834"/>
      </FileInfo>
    </File>
    <Config>
      <Option Name="DesignMode" Val="RTL"/>
      <Option Name="TopModule" Val="Pipeline"/>
    </Config>
  </FileSet>
  <FileSet Name="constrs_in" Type="Constrs" RelSrcDir="$PSRCDIR/constrs_1">
    <Filter Type="Constrs"/>
    <File Path="$PSRCDIR/constrs_1/new/clk.xdc">
      <FileInfo>
        <Attr Name="ImportPath" Val="$PPRDIR/../../Vivado_projects/Varie/Raff_multiplier/Raff_multiplier.srcs/constrs_1/new/clk.xdc"/>
        <Attr Name="ImportTime" Val="1706874662"/>
        <Attr Name="UsedIn" Val="synthesis"/>
        <Attr Name="UsedIn" Val="implementation"/>
      </FileInfo>
    </File>
    <Config>
      <Option Name="TargetConstrsFile" Val="$PSRCDIR/constrs_1/new/clk.xdc"/>
      <Option Name="ConstrsType" Val="XDC"/>
    </Config>
  </FileSet>
  <FileSet Name="utils" Type="Utils" RelSrcDir="$PSRCDIR/utils_1">
    <Filter Type="Utils"/>
    <Config>
      <Option Name="TopAutoSet" Val="TRUE"/>
    </Config>
  </FileSet>
  <Strategy Version="1" Minor="2">
    <StratHandle Name="Performance_NetDelay_low" Flow="Vivado Implementation 2018"/>
    <Step Id="init_design"/>
    <Step Id="opt_design">
      <Option Id="Directive">0</Option>
    </Step>
    <Step Id="power_opt_design"/>
    <Step Id="place_design">
      <Option Id="Directive">3</Option>
    </Step>
    <Step Id="post_place_power_opt_design"/>
    <Step Id="phys_opt_design" EnableStepBool="1">
      <Option Id="Directive">2</Option>
    </Step>
    <Step Id="route_design">
      <Option Id="Directive">1</Option>
    </Step>
    <Step Id="post_route_phys_opt_design" EnableStepBool="1">
      <Option Id="Directive">1</Option>
    </Step>
    <Step Id="write_bitstream"/>
  </Strategy>
</GenRun>
