<?xml version="1.0" encoding="UTF-8"?>
<GenRun Id="synth_1" LaunchPart="xc7z020clg400-1" LaunchTime="1720264997">
  <File Type="PA-TCL" Name="Pipeline.tcl"/>
  <File Type="REPORTS-TCL" Name="Pipeline_reports.tcl"/>
  <File Type="RDS-RDS" Name="Pipeline.vds"/>
  <File Type="RDS-UTIL" Name="Pipeline_utilization_synth.rpt"/>
  <File Type="RDS-UTIL-PB" Name="Pipeline_utilization_synth.pb"/>
  <File Type="RDS-DCP" Name="Pipeline.dcp"/>
  <FileSet Name="sources" Type="DesignSrcs" RelSrcDir="$PSRCDIR/sources_1">
    <Filter Type="Srcs"/>
    <File Path="$PSRCDIR/sources_1/new/A1.vhd">
      <FileInfo>
        <Attr Name="ImportPath" Val="$PPRDIR/../../Vivado_projects/Varie/Raff_multiplier/Raff_multiplier.srcs/sources_1/new/A1.vhd"/>
        <Attr Name="ImportTime" Val="1706879752"/>
        <Attr Name="UsedIn" Val="synthesis"/>
        <Attr Name="UsedIn" Val="simulation"/>
      </FileInfo>
    </File>
    <File Path="$PSRCDIR/sources_1/new/A2.vhd">
      <FileInfo>
        <Attr Name="ImportPath" Val="$PPRDIR/../../Vivado_projects/Varie/Raff_multiplier/Raff_multiplier.srcs/sources_1/new/A2.vhd"/>
        <Attr Name="ImportTime" Val="1706879745"/>
        <Attr Name="UsedIn" Val="synthesis"/>
        <Attr Name="UsedIn" Val="simulation"/>
      </FileInfo>
    </File>
    <File Path="$PSRCDIR/sources_1/new/A3.vhd">
      <FileInfo>
        <Attr Name="ImportPath" Val="$PPRDIR/../../Vivado_projects/Varie/Raff_multiplier/Raff_multiplier.srcs/sources_1/new/A3.vhd"/>
        <Attr Name="ImportTime" Val="1706879793"/>
        <Attr Name="UsedIn" Val="synthesis"/>
        <Attr Name="UsedIn" Val="simulation"/>
      </FileInfo>
    </File>
    <File Path="$PSRCDIR/sources_1/new/A7.vhd">
      <FileInfo>
        <Attr Name="ImportPath" Val="$PPRDIR/../../Vivado_projects/Varie/Raff_multiplier/Raff_multiplier.srcs/sources_1/new/A7.vhd"/>
        <Attr Name="ImportTime" Val="1706879740"/>
        <Attr Name="UsedIn" Val="synthesis"/>
        <Attr Name="UsedIn" Val="simulation"/>
      </FileInfo>
    </File>
    <File Path="$PSRCDIR/sources_1/imports/new/ADDER8.vhd">
      <FileInfo>
        <Attr Name="ImportPath" Val="$PPRDIR/../../Vivado_projects/V4/project_pix/project_pix.srcs/sources_1/new/ADDER8.vhd"/>
        <Attr Name="ImportTime" Val="1719874290"/>
        <Attr Name="UsedIn" Val="synthesis"/>
        <Attr Name="UsedIn" Val="simulation"/>
      </FileInfo>
    </File>
    <File Path="$PSRCDIR/sources_1/imports/new/FullAdder.vhd">
      <FileInfo>
        <Attr Name="ImportPath" Val="$PPRDIR/../../Vivado_projects/V4/project_pix/project_pix.srcs/sources_1/imports/Vivado_projects/MULTI_BOOTH/MULTI_BOOTH.srcs/sources_1/imports/Vivado_projects/carrysave_tree/carrysave_tree.srcs/sources_1/new/FullAdder.vhd"/>
        <Attr Name="ImportTime" Val="1715504008"/>
        <Attr Name="UsedIn" Val="synthesis"/>
        <Attr Name="UsedIn" Val="simulation"/>
      </FileInfo>
    </File>
    <File Path="$PSRCDIR/sources_1/new/MULTIPLIER.vhd">
      <FileInfo>
        <Attr Name="ImportPath" Val="$PPRDIR/../../Vivado_projects/Varie/Raff_multiplier/Raff_multiplier.srcs/sources_1/new/MULTIPLIER.vhd"/>
        <Attr Name="ImportTime" Val="1706879516"/>
        <Attr Name="UsedIn" Val="synthesis"/>
        <Attr Name="UsedIn" Val="simulation"/>
      </FileInfo>
    </File>
    <File Path="$PSRCDIR/sources_1/imports/new/RCA4_BIT.vhd">
      <FileInfo>
        <Attr Name="ImportPath" Val="$PPRDIR/../../Vivado_projects/V4/project_pix/project_pix.srcs/sources_1/new/RCA4_BIT.vhd"/>
        <Attr Name="ImportTime" Val="1716745382"/>
        <Attr Name="UsedIn" Val="synthesis"/>
        <Attr Name="UsedIn" Val="simulation"/>
      </FileInfo>
    </File>
    <File Path="$PSRCDIR/sources_1/new/Pipeline.vhd">
      <FileInfo>
        <Attr Name="ImportPath" Val="$PPRDIR/../../Vivado_projects/Varie/Raff_multiplier/Raff_multiplier.srcs/sources_1/new/Pipeline.vhd"/>
        <Attr Name="ImportTime" Val="1706879487"/>
        <Attr Name="UsedIn" Val="synthesis"/>
        <Attr Name="UsedIn" Val="simulation"/>
      </FileInfo>
    </File>
    <File Path="$PSRCDIR/sources_1/imports/Raff_multiplier/archive_project_summary.txt">
      <FileInfo>
        <Attr Name="ImportPath" Val="$PPRDIR/../../Vivado_projects/Varie/Raff_multiplier/archive_project_summary.txt"/>
        <Attr Name="ImportTime" Val="1706879834"/>
      </FileInfo>
    </File>
    <Config>
      <Option Name="DesignMode" Val="RTL"/>
      <Option Name="TopModule" Val="Pipeline"/>
    </Config>
  </FileSet>
  <FileSet Name="constrs_in" Type="Constrs" RelSrcDir="$PSRCDIR/constrs_1">
    <Filter Type="Constrs"/>
    <File Path="$PSRCDIR/constrs_1/new/clk.xdc">
      <FileInfo>
        <Attr Name="ImportPath" Val="$PPRDIR/../../Vivado_projects/Varie/Raff_multiplier/Raff_multiplier.srcs/constrs_1/new/clk.xdc"/>
        <Attr Name="ImportTime" Val="1706874662"/>
        <Attr Name="UsedIn" Val="synthesis"/>
        <Attr Name="UsedIn" Val="implementation"/>
      </FileInfo>
    </File>
    <Config>
      <Option Name="TargetConstrsFile" Val="$PSRCDIR/constrs_1/new/clk.xdc"/>
      <Option Name="ConstrsType" Val="XDC"/>
    </Config>
  </FileSet>
  <FileSet Name="utils" Type="Utils" RelSrcDir="$PSRCDIR/utils_1">
    <Filter Type="Utils"/>
    <Config>
      <Option Name="TopAutoSet" Val="TRUE"/>
    </Config>
  </FileSet>
  <Strategy Version="1" Minor="2">
    <StratHandle Name="Vivado Synthesis Defaults" Flow="Vivado Synthesis 2018"/>
    <Step Id="synth_design"/>
  </Strategy>
</GenRun>
